path,sha256,bytes
00_VALIDATE_PUBLIC_PACKAGE_v1_1_4.py,2260671b858dab883518bc914f07d11d361b03edf488409c3e1abcded9fc423d,8944
01_PURGE_LOCAL_RUNTIME_INPUTS_FOR_REDISTRIBUTION_v1_0.py,70a26d4f90971278d2b4633f5bc7d0684fe7cbb89ce6a60c30ec5f69c644a2fb,1144
03_Data_and_Code/01_Data/README_PUBLIC_INPUTS.md,30ea5e3c39c35e3219f8fe71065bda6ae3ab1caeff467e5c9ace2e8e318dee35,605
03_Data_and_Code/01_Data/contracts/macro_vintage_schema.csv,b4cdabb6eef47277ac001691c5de4839290d50791f8a592678878cd8da4518f3,141
03_Data_and_Code/01_Data/contracts/market_observations_schema.csv,d30d6f4486ab4c3a2d1aa50f5a730b4e612f0503aa730c936598c09b7357c587,142
03_Data_and_Code/01_Data/contracts/proxy_transition_schema.csv,58ed860bf6aea16976eca7b83aab49301208e0c25fb8879a4f648ce8d5c49ec1,131
03_Data_and_Code/01_Data/contracts/strategy_output_schema.csv,f2ad80e1ee85898c9da6bd5b2fb918627c28ded2a4edb8be3073c35e80ee5512,151
03_Data_and_Code/02_Code/.gitkeep,01ba4719c80b6fe911b091a7c05124b64eeece964e09c058ef8f9805daca546b,1
03_Data_and_Code/02_Code/00_RUN_G2_FREEZE_PREP_v0_8.R,6e573a93a10c410a5785c1ed2501c4e835ee62da07cad36456418d0060eec5d6,3135
03_Data_and_Code/02_Code/01_EXPORT_G2_TARGET_WEIGHTS_ONLY_v0_11.R,f2a49677d64ac90a58ed591116cea99e6df7e6f841a3bbb5d34eef49ed30a484,6939
03_Data_and_Code/02_Code/01_EXPORT_G2_TARGET_WEIGHTS_ONLY_v0_11_1.R,dbf0c57c1244977b45880627e29baeff62dbbf2f4a35f3ede839f7923a529353,8058
03_Data_and_Code/02_Code/02_FREEZE_PARENT_SOURCE_UNIVERSE_v0_14.R,5320e578fe61ba2258dc1353e80ae56621520a1cbe5e4e9dcefc63a606548874,4972
03_Data_and_Code/02_Code/03_EXPORT_PARENT_DECISION_PANELS_AND_AUDIT_DATA_v0_15.R,adbea25527a76e89b1dfbc90183c85dc64f470aaf9e3e4821e127fa858e6fe79,25063
03_Data_and_Code/02_Code/03_EXPORT_PARENT_DECISION_PANELS_AND_AUDIT_DATA_v0_15_1.R,237113b362e858b19a419731812bbd61814ef39d376760f0b510866893838fed,25095
03_Data_and_Code/02_Code/04_EXPORT_G3_CANONICAL_FAA_ONLY_v0_16.R,1178a1c1eaaf08bacb6c0d86bbb7a3fb3b8d33264d4416f308fc7d8862a43b1f,4067
03_Data_and_Code/02_Code/05_OPEN_G6_PERFORMANCE_EVIDENCE_v0_17.py,826298004806bcf90039bfd4baa7ecd765844fecafc6cbf0c7685188b15af25e,18828
03_Data_and_Code/02_Code/05_VALIDATE_G6_PERFORMANCE_ENGINE_R_v0_17.R,a0b61c28082593b3ec0d3d6f19c1ad318a1bb79b5ed423364ef6d725d38fb23f,6342
03_Data_and_Code/02_Code/05_VALIDATE_G6_PERFORMANCE_ENGINE_R_v0_17_1.R,5d8c46123ddbd631bce3337693a5b9efc11c36c677c1b6b4542f24828965fb12,7248
03_Data_and_Code/02_Code/06_G6_INFERENCE_STRESS_BENCHMARKS_v0_19.py,2f9c9db1bd09638ce48b4159d6e76a74e21f9c0741d81dd9d5cea194d57a3536,19458
03_Data_and_Code/02_Code/07_EXPORT_FX_EXTENSION_AUDIT_v0_19.R,7bac9db9050fc8887fc2e66ebebb1943af9759054a4d58de7486738b05108982,6752
03_Data_and_Code/02_Code/08_G3_FX_EXTENSION_EVALUATION_v0_20.py,81cc7fbe07d06293b44e3d016cb67106eccb4af6de33dda57197711c73d48c15,15052
03_Data_and_Code/02_Code/09_ANALYZE_DRAWDOWN_AND_COMPOUNDING_v0_26.py,c69035a330773269652e525fbe781d8d947b2c7077648ef16ab9d2a9fd6e08d4,12080
03_Data_and_Code/02_Code/09_DECISION_SPACE_SELECTOR_PILOT_v0_24.py,d5c0c0caa816c362ec90048bcb8ac34ba83006c530cf839ad1339fbe7e3faa17,1562
03_Data_and_Code/02_Code/09_VALIDATE_DRAWDOWN_AND_COMPOUNDING_R_v0_26.R,55866633d5acb349252f18364a299553ea147963e04644b71ae4a71d7a859325,4494
03_Data_and_Code/02_Code/10_G6_DRAWDOWN_CORRECTED_INFERENCE_v0_26.py,b7f1a5de51d53b8cab52ec344737f8049e410650f6bf426f5b3df4636610d98e,20045
03_Data_and_Code/02_Code/11_REBUILD_STRATEGY_ZOO_COMMON_SUBSET_v0_27.py,bdeac0511fb785f9e2204287b618a0ede0ef612431e5ea4e564aeb76df971cd2,14165
03_Data_and_Code/02_Code/12_G3_FX_DRAWDOWN_CORRECTION_AND_APPENDIX_v0_27.py,99cfe93fc57d223af4c85698b6b3e8aba16085b08237af3f8f38bb7600ae0bbe,22617
03_Data_and_Code/02_Code/13_G5_UNIVERSE_RULE_ENGINEERING_v0_28.py,62f7be36725a5ce3e90afda68bdb2ebf08013e82e8da2ddb50332a8947dba03e,13824
03_Data_and_Code/02_Code/14_REBUILD_STRATEGY_ZOO_EAA_POOL_A2_v0_29.py,04ff1369942e91ad01041add44d924ec149558f55738b3fe07d0698f81428eea,14031
03_Data_and_Code/02_Code/15_VALIDATE_EAA_AND_FREEZE_ZOO_INPUTS_R_v0_29.R,e426d937c7e9d488ddeaa6b68c740b4c85e9a2401e435569702968e4d1b407cf,6181
03_Data_and_Code/02_Code/16_REBUILD_FULL_2023_STRATEGY_ZOO_v0_30.py,b3492c8ead8363b7c77fb6725e3b4577b855242b0bcd9776deb3049cbb0213ba,24407
03_Data_and_Code/02_Code/17_VALIDATE_FULL_2023_STRATEGY_ZOO_R_v0_30.R,5de9f7a026e130430972c4437e56431c2a13b07a4aeb554694ddcc7885753ac9,11571
03_Data_and_Code/02_Code/18_RENDER_PUBLICATION_EXHIBITS_v1_1_4.py,d493b37e03317ba1212ec73efc8525bd09f08ea840de34fabf3a248d748f79bd,19282
03_Data_and_Code/02_Code/18_RENDER_PUBLICATION_EXHIBITS_v1_1_6.py,fe799e5c549ef315c85e93ee78e49b8f4cc9b01bd69dbd3a80a883a629799459,20433
03_Data_and_Code/02_Code/analyze_decision_diversification_v0_12.py,f646b303e925187a8f3d15f0a017dbd0c48fd07d8a7c66df2964bdad60fb1177,17500
03_Data_and_Code/02_Code/analyze_g6_rolling_robustness_v0_17.py,4b4a4576fc024ec88c8d663cae46aaf16eb5765311ee8e0059113c07266b687f,3537
03_Data_and_Code/02_Code/analyze_parent_variants_and_p3_v0_16.py,4cafa80a39c913a4e3b2f1ded44c5e6b930137e7aaaeb44866dd6991d324a911,16307
03_Data_and_Code/02_Code/analyze_return_correlation_increment_v0_12.py,f5bba91520c04324de0c4808ce9d7959a6ecc9c32a9bbf7a35c82699aa6eaace,7201
03_Data_and_Code/02_Code/analyze_weight_robustness_plateau_v0_18.py,6750b56e63bc68c42b0bb928fc4659fdef219feae7f9ff6c0c078141251dd67e,16967
03_Data_and_Code/02_Code/audit_accounting_and_netting_v0_12.py,f33a4b2d0970dba683367b6fa7a6d0fdc9f4c3fbe3fcb86ddba42da53e45e1b1,6374
03_Data_and_Code/02_Code/build_independent_decision_panel_v0_11.py,aeb6928bee4f483d72c1e3d26feb1d3066836935b27c356364b0599488d98780,16682
03_Data_and_Code/02_Code/compare_g3_canonical_faa_v0_16.py,7742c4d885c480afba4c5629e1a7d288ec1745fe2a9488e6721a32e9d385f18b,1860
03_Data_and_Code/02_Code/compare_g6_r_python_performance_v0_17.py,9d5e31fa64c8d39c65b0557c9ff41a4aefab703df90f508fe68d952c30b483b7,1803
03_Data_and_Code/02_Code/compare_g6_r_python_performance_v0_18.py,d4e58318745325684ee6efd845ae608006263244c96854325394c0fbf9516ecf,3963
03_Data_and_Code/02_Code/compare_parent_decision_panels_independent_v0_15.py,bc9012bbba8f4fe5243febe9b1e3e0ab975a0e15942cbff4569eff31cffe1277,12999
03_Data_and_Code/02_Code/compare_parent_decision_panels_independent_v0_15_1.py,826441b21559c75ece9cae5de87f7a5d5facac38a50c55a3c2ad1ca71a5893a4,13001
03_Data_and_Code/02_Code/compare_r_python_target_weights_v0_11.py,2decbc8370db75fec175534725a5c74613a72122f3b402cc69dc28c9d3e04997,2812
03_Data_and_Code/02_Code/compare_r_python_target_weights_v0_11_1.py,e0f68f6321e6301c2dc3433023cde926ba87b2037b746b8fc98673cfa3dd78ef,2830
03_Data_and_Code/02_Code/independent_frozen_data_audit_v0_10.py,a77b64b0e365a6c3a11dd550c35effc578b503d5d08f5b3f2746f596ee69652c,15673
03_Data_and_Code/02_Code/proxy_stitch_fixtures_v0_8.py,bc2a2f340d3cc1cef6b0e55c16b4835127837c09d8ac854cdc6ba42eabb56d8e,2311
03_Data_and_Code/02_Code/strategy_rule_fixtures_v0_6.py,1d46697ddd869ef26f21de27147a45d47e824659c3074fe0fe0420d5a98ae1dd,8030
03_Data_and_Code/02_Code/timing_accounting_fixtures_v0_10.py,7f99a9d1471854270341965aa1f20bcd8d622ce607bd24f1a9931da5cece2e76,8051
03_Data_and_Code/02_Code/timing_accounting_fixtures_v0_7.py,238cdf0cb14d0846d33c492c720100b4fbe607046870b652375a6b8c6c5584cd,7824
03_Data_and_Code/03_Validation/G4_STRATEGY_ZOO_FULL_2023_STRUCTURAL_REVIEW_v0.30.md,99098578262b499bc3bf65719e75d4dc5183dcc8dbc75328ee69016a36947bae,3843
03_Data_and_Code/03_Validation/G6_DRAWDOWN_R_VALIDATION_CLOSE_v0.27.md,dbdf7a1cb87a3ff4bf83f032bf1704b44bdfe2f0cf16d0f1dac787a99ae41404,1125
03_Data_and_Code/03_Validation/G6_INFERENCE_STRESS_AND_BENCHMARK_REVIEW_v0.19.md,48b24ff6766867691665c7145d0a789cc3659ef8fd6180134516ff976dea6719,6614
03_Data_and_Code/03_Validation/G6_WEIGHT_ROBUSTNESS_AND_PLATEAU_REVIEW_v0.18.md,5abeb082483652680857e9e11bad9dbea372b3eeaa8ea21b57736d2b7eefb57e,4718
03_Data_and_Code/03_Validation/Release_Clean_Run/CLEAN_RUN_RELEASE_VALIDATION_v1.0.md,e798c3a7458c4b46922cda7f51d22007ef39c12d07bf22478f55fda1fde629dc,2278
03_Data_and_Code/03_Validation/Release_Clean_Run/EXACT_EXHIBIT_PROVENANCE_v1.1.csv,88819a2885de081414ea7575771b697bd5215d8478ceeafc4f66d050001d8b56,5818
03_Data_and_Code/03_Validation/Release_Clean_Run/EXACT_EXHIBIT_RENDER_ENVIRONMENT_v1.1.txt,ca37a03ed82e2d367a4e962a864d96ae7a5616241c42009fbdb65d618d54e8eb,131
03_Data_and_Code/03_Validation/Release_Clean_Run/EXACT_EXHIBIT_REPRODUCIBILITY_AUDIT_2026-08-14.md,5d6629aa08a1e1a513aa1a810dcc570215bae775a327b64d4e429ffe577a4c2b,3841
03_Data_and_Code/03_Validation/Release_Clean_Run/EXACT_FIGURE_RENDER_MANIFEST_v1.1.4.csv,124671f7bada75a97cff6f1e4c0e61ed16814ca94c1b9b35b6972ae6cc0dd99b,5026
03_Data_and_Code/03_Validation/Release_Clean_Run/G2_R_PYTHON_TARGET_WEIGHT_EQUIVALENCE_RECORD_v0_11_1.json,93d9ae9a53f738c37f4e080132f458a07d442bcc7589c152ab1da3f9692291fd,1449
03_Data_and_Code/03_Validation/Release_Clean_Run/G2_R_PYTHON_TARGET_WEIGHT_EQUIVALENCE_v0_11_1.csv,b9e82e3a1609e462c8b19b5fd68828181c068ffc9d4bf5d9acc0d761ddb6e447,364
03_Data_and_Code/03_Validation/Release_Clean_Run/G3_FAA_CANONICAL_R_PYTHON_EQUIVALENCE_RECORD_v0_16.json,0bac58d3e61788e82c4b436e5d6b5979c586fe9f06a016c0a586c5b1f2b342a3,277
03_Data_and_Code/03_Validation/Release_Clean_Run/G3_FAA_CANONICAL_R_PYTHON_EQUIVALENCE_v0_16.csv,c693f95c789f26dcd6f9975c24aae3f6baf680b75e3e76aece70ca7599ee4f45,202
03_Data_and_Code/03_Validation/Release_Clean_Run/G3_FX_DRAWDOWN_DEFINITION_CORRECTION_AUDIT_v0_27.csv,9ff6de08bec2b4465f5d0b44f49d89fa0b7f10fe23a9d3d0c7fbc381469c0cc6,916
03_Data_and_Code/03_Validation/Release_Clean_Run/G3_FX_EXTENSION_PUBLICATION_RECORD_v0_27.json,8c38dbb965aee80472a20d777e0911bb219f00fda477d4aa3fecb943a8211983,6940
03_Data_and_Code/03_Validation/Release_Clean_Run/G3_FX_LEGACY_VS_FIXED50_BLOCK_BOOTSTRAP_SUMMARY_CORRECTED_v0_27.csv,8641ecbe54cce79b25f7cd6c45372836d8e0f7c9aa3310b6e54f3a24414b7bf6,424
03_Data_and_Code/03_Validation/Release_Clean_Run/G4_ZOO_FULL_2023_R_PYTHON_TARGET_WEIGHT_VALIDATION_SUMMARY_v0_30.csv,4bcc309763c997293bc033a6373b77d28e152107a53454393ba8501aa0679db3,271
03_Data_and_Code/03_Validation/Release_Clean_Run/G4_ZOO_V029_TO_V030_EXISTING_PAIR_INVARIANCE_v0_30.csv,ee99d23303516d0c7d84812b7152b3727c1e174f970ef758f6feb01f2ff1353e,89
03_Data_and_Code/03_Validation/Release_Clean_Run/G6_DEPENDENCE_AWARE_INFERENCE_DD_CORRECTED_v0_26.csv,797d4fadac1c77d4ee41ff5c928824b05153d37dec582b73e795fd31aeb157ba,8564
03_Data_and_Code/03_Validation/Release_Clean_Run/G6_DRAWDOWN_R_VALIDATION_METADATA_v0_26.csv,56b4f7829ec75cb7bd8d5fbff25f0f2da997c243ee2b2fb7fc20ac0fcf8c51e5,236
03_Data_and_Code/03_Validation/Release_Clean_Run/G6_DRAWDOWN_R_VALIDATION_v0_26.csv,5c4c515ca03aa40f211da2f10d0815c0a580c6906395ce7f619c756a07221e82,2278
03_Data_and_Code/03_Validation/Release_Clean_Run/G6_ROBUST_ARCHITECTURE_WEIGHT_PLATEAU_RECORD_v0_18.json,ca02702c8818a73678b598d31501ac66577b44e3d7d3840de686d36fa5074d88,1723
03_Data_and_Code/03_Validation/Release_Clean_Run/G6_R_PYTHON_PERFORMANCE_EQUIVALENCE_RECORD_v0_18.json,6b701c565c622aed1565c765e0b91799bff957d24ec7567504450f2b446b2c91,610
03_Data_and_Code/03_Validation/Release_Clean_Run/G6_R_PYTHON_PERFORMANCE_EQUIVALENCE_v0_18.csv,98897759f00c57f17048fa7fc459b1cc82bcdcb8995966a7c66201269b01f3cb,12638
03_Data_and_Code/03_Validation/Release_Clean_Run/PUBLICATION_RECONCILIATION_CHECKS_v1.0.1.csv,28d74c2de8b23d80e92e413692ac2d3672da864a66aaaff581c5134689f88ef9,2645
03_Data_and_Code/03_Validation/Release_Clean_Run/PUBLICATION_RECONCILIATION_CHECKS_v1.0.csv,d17d8fcb810a4cdd02c352cb8920f2ee810b445b01147ea18553e74586fea56c,4598
03_Data_and_Code/03_Validation/Release_Clean_Run/PUBLICATION_RECONCILIATION_v1.0.1.md,3acfdda5ad3fe7c883d14cc8641957bc0399ea50b4afb68cfda4272b64c712b9,1289
03_Data_and_Code/03_Validation/Release_Clean_Run/PUBLICATION_RECONCILIATION_v1.0.2.md,0d149d0a3bcf0bf20b9f188da148d20c27b4d73c275afc54a477a4411a9b7e4f,642
03_Data_and_Code/03_Validation/Release_Clean_Run/PUBLICATION_RECONCILIATION_v1.0.md,41e74ba282550d0dae4ce2dd2fec37168a9579185092421fcc47bed9e12afc6b,1656
03_Data_and_Code/03_Validation/Release_Clean_Run/PUBLIC_CODE_HYGIENE_RECONCILIATION_v1.0.3.md,d7eb3a2344f5d726054e336b3cf11aa1f9fe3ec3ecf88ad9e3c60a19655bdad1,1174
03_Data_and_Code/03_Validation/Release_Clean_Run/SSRN_v1.24_FINAL_FREEZE_AND_RELEASE_BINDING_v1.1.1.md,4a8936be214a65e7820a2ce5439462a48c125d2b648f8c455a6c92188ddd8ceb,1237
03_Data_and_Code/03_Validation/Release_Clean_Run/SSRN_v1.24_TABLE_RECONCILIATION_v1.1.csv,d16bfd2cbf77065961bb20f9975ae4da55c2756f5bdbcd7356c06b26f2cec9fb,3418
03_Data_and_Code/03_Validation/Release_Clean_Run/SSRN_v1.25_FINAL_HOUSE_REVIEW_AND_RELEASE_BINDING_v1.1.2.md,18f7eae240e02ddd81ae3cd6906bb4c24f12d30e4a1f3e6463032f9f13ace271,1991
03_Data_and_Code/03_Validation/Release_Clean_Run/SSRN_v1.28_FINAL_PUBLIC_RELEASE_BINDING_v1.1.3.md,9f3515ffdff3c92ee294ffc57babefc6f073efc189de17ca1aac6bdfe87bb201,449
03_Data_and_Code/03_Validation/Release_Clean_Run/SSRN_v1.34_FINAL_PUBLIC_RELEASE_BINDING_v1.1.4.md,faacc7991788956f53225bb99d012893dcc2d4db6afcf867749bf67326b15a71,689
03_Data_and_Code/04_Outputs/README.md,c071c0b8681a6b9bc033788a93dcfce1009e2bba55d15d40fa6d999d48f73d5e,214
05_Practical_Paper/03_Figures/Archive_v1.0/Figure_1_Return_Correlation_vs_Decision_Timing_v0.36.1.png,d19b1dfa1c8479fec7f3740c7bd4c1e1419b2661b765222393ad325de3b30110,170559
05_Practical_Paper/03_Figures/Archive_v1.0/Figure_2_What_When_HowMuch_Decision_Fingerprints_v0.36.1.png,16db3ef9212bb40d0e82e9458e2c52fa043a28510a6debf610d1bebe57a73271,171204
05_Practical_Paper/03_Figures/Archive_v1.0/Figure_3_Different_Decision_Clocks_v0.22.png,36465df8f2df2afbd08ac195f6afe0ae595370645e031f2d57d96362beb63396,137323
05_Practical_Paper/03_Figures/Archive_v1.0/Figure_4_Rolling_60M_Hindsight_Winner_v0.23.png,c3dcd94aaeb54658e3f19c4af389157d8e9af32a31a481dcf1085b6df4fe9f9f,107333
05_Practical_Paper/03_Figures/Archive_v1.0/Figure_5_Broad_Plateau_Unstable_Optimum_v0.36.1.png,e59abbd7e0f4012eb0efd8ba08d00c02abdd8faeb3926dd7c3349462a9efd5c6,158738
05_Practical_Paper/03_Figures/Archive_v1.0/Figure_6_Stress_and_Failure_Map_v0.23.png,b46651d1dab27ba3be5819af7bdea1284fe309a71e3fef45b99d2b5e986f2240,220181
05_Practical_Paper/03_Figures/Archive_v1.0/Figure_7_Drawdown_Depth_and_Duration_v0.37.png,40e70917e07ad15d56c292f102ef56ee7fc1ffd14cddfaaf06a281fbbff9ba91,130360
05_Practical_Paper/03_Figures/Archive_v1.0/Figure_FX1_Currency_Exposure_Growth_v0.27.png,3e793789c943afea7d50906f54b5e6481a4bc903c1f6bf2507eabf2c7017744a,333616
05_Practical_Paper/03_Figures/Archive_v1.0/Figure_FX2_Threshold_Sensitivity_v0.27.png,ceb59d4dec526fb95d07e28d87e00cb8b95b521166dc3301c18d768de969dd08,238006
05_Practical_Paper/03_Figures/Archive_v1.0/Figure_Z1_Full_2023_Strategy_Zoo_Decision_Distance_v0.36.1.png,276a1cbb0a1580196e4aeeedfce0431905570dacd895e3f8af7d451c66eedc62,602608
05_Practical_Paper/03_Figures/Archive_v1.0/Figure_Z2_Full_2023_Five_Rule_Score_Distribution_v0.30.png,7369231a2919ee926359ecd61ca97e6e8334aeea716a96bfb0cf1b0c999c76c0,147394
05_Practical_Paper/03_Figures/Archive_v1.0.3/Figure_1_Return_Correlation_vs_Decision_Timing_PAPER_v1.15.png,d19b1dfa1c8479fec7f3740c7bd4c1e1419b2661b765222393ad325de3b30110,170559
05_Practical_Paper/03_Figures/Archive_v1.0.3/Figure_2_What_When_HowMuch_Decision_Fingerprints_PAPER_v1.15.png,16db3ef9212bb40d0e82e9458e2c52fa043a28510a6debf610d1bebe57a73271,171204
05_Practical_Paper/03_Figures/Archive_v1.0.3/Figure_3_Different_Decision_Clocks_PAPER_v1.15.png,36465df8f2df2afbd08ac195f6afe0ae595370645e031f2d57d96362beb63396,137323
05_Practical_Paper/03_Figures/Archive_v1.0.3/Figure_4_Rolling_60M_Hindsight_Winner_PAPER_v1.15.png,c3dcd94aaeb54658e3f19c4af389157d8e9af32a31a481dcf1085b6df4fe9f9f,107333
05_Practical_Paper/03_Figures/Archive_v1.0.3/Figure_5_Broad_Plateau_Unstable_Optimum_PAPER_v1.15.png,266796d524e25f6112ccb08247b20c1eb8209cdb75965a2c8c944ba9c13592a1,119692
05_Practical_Paper/03_Figures/Archive_v1.0.3/Figure_6_Cumulative_Wealth_PAPER_v1.15.png,ae39a5449801694fc42ac44c33e560d711b47547da1b3edbe28d6d2f84e4cb62,237788
05_Practical_Paper/03_Figures/Archive_v1.0.3/Figure_7_Drawdown_Depth_and_Duration_PAPER_v1.15.png,fffe140f2b9f55ceccd285b9bcdbc435c96182ea9c7ab21b43a24e8d84214a3d,126261
05_Practical_Paper/03_Figures/Archive_v1.0.3/Figure_8_Stress_Protection_and_Rapid_Reversal_PAPER_v1.15.png,7e5f4d0d32605a44a5fca59ba709ee313b25e297dcfaf43650ea4d323701245c,183691
05_Practical_Paper/03_Figures/Archive_v1.0.3/Figure_FX1_Currency_Exposure_Growth_PAPER_v1.15.png,3e793789c943afea7d50906f54b5e6481a4bc903c1f6bf2507eabf2c7017744a,333616
05_Practical_Paper/03_Figures/Archive_v1.0.3/Figure_FX2_Threshold_Sensitivity_PAPER_v1.15.png,2a4d3cd6c463e875bfafa7599007c90e43fa616317aaf6a238c05f74c41770cf,208027
05_Practical_Paper/03_Figures/Archive_v1.0.3/Figure_Z1_Full_2023_Strategy_Zoo_Decision_Distance_PAPER_v1.15.png,00286b0d55345a71ed6fd294173284ad1176e67d0f7178f33f4387660b282fe0,459748
05_Practical_Paper/03_Figures/Archive_v1.0.3/Figure_Z2_Full_2023_Five_Rule_Score_Distribution_PAPER_v1.15.png,8fb6aa05792c9acac83c61747253cbab81dd03a6aae46ab02b04d54ac3bd23fb,126003
05_Practical_Paper/03_Figures/EXACT_FIGURE_RENDER_MANIFEST_v1.1.6.csv,da22e62fb3c53dce77ad74f81ef37eb423aa749decc4850cb4faf75ab54e94cf,5018
05_Practical_Paper/03_Figures/FIGURE_1_SOURCE_DATA_v0.22.csv,3466c6114337002cd4589d85b4b831ee42cddb9a763181fc57ba3f05072f3c07,1165
05_Practical_Paper/03_Figures/FIGURE_2_SOURCE_DATA_v0.22.csv,093522da498ad69931891d94539555561070c0419735be2f21a94cef499d314f,470
05_Practical_Paper/03_Figures/FIGURE_3_SOURCE_DATA_v0.22.csv,33b570541e87492ed4626cebbbe7a61a64a56f6417301f7d26aeae49c7b72c22,311
05_Practical_Paper/03_Figures/FIGURE_4_SOURCE_DATA_v0.23.csv,1d0c9618bbebbb4f39e4c7368e54ba4d46a32345e4ce36edfe866fcdf3e9f00c,9080
05_Practical_Paper/03_Figures/FIGURE_5_SOURCE_DATA_v0.23.csv,a1907414363f78d9f283d930e36de989b5a6f12690d15ef0579a9072e5dbad03,599
05_Practical_Paper/03_Figures/FIGURE_5_SOURCE_DATA_v1.0.1.csv,8a554280ffdfe88e0bfa8684469a04a304adb42859f7253f4a94ad63332dfbc4,607
05_Practical_Paper/03_Figures/FIGURE_6_SOURCE_DATA_v0.23.csv,91daca983ab8c09c20f6d9141ab5ced7aa5b565f438a282f7d262eb806d823e4,1103
05_Practical_Paper/03_Figures/FIGURE_6_SOURCE_DATA_v1.0.1.csv,4a7c7d399fbf59d1093a9b3f1d21ec93b8b9942d23f8e3b4be148ac35a70e8ab,56054
05_Practical_Paper/03_Figures/FIGURE_6_SOURCE_DATA_v1.1.csv,4a7c7d399fbf59d1093a9b3f1d21ec93b8b9942d23f8e3b4be148ac35a70e8ab,56054
05_Practical_Paper/03_Figures/FIGURE_7_SOURCE_DATA_v0.26.csv,e39259bbda0942c3e5cda6ea7c2cc70155fa3434b34f65711b9dfd50bbcf12fe,1087
05_Practical_Paper/03_Figures/FIGURE_7_SOURCE_DATA_v1.0.1.csv,8636f36047e94185dc8265d0f1edf0959f404b2a36b8b0bdac20c4bc9dc8eb4a,1096
05_Practical_Paper/03_Figures/FIGURE_7_SOURCE_DATA_v1.1.csv,8636f36047e94185dc8265d0f1edf0959f404b2a36b8b0bdac20c4bc9dc8eb4a,1096
05_Practical_Paper/03_Figures/FIGURE_8_SOURCE_DATA_v0.28.csv,959e7e2af48cb7d4429a3a07a9104a8dae1415cdba8f08d97d1cffcdf1bba316,676
05_Practical_Paper/03_Figures/FIGURE_8_SOURCE_DATA_v1.0.1.csv,3fc7f54bb2a5f5391d48e8f538d743bcc045fa66c92b3a6be078e6cf283d06c6,1092
05_Practical_Paper/03_Figures/FIGURE_FX1_SOURCE_DATA_MONTHLY_PATHS_v1.0.csv,945128f1895f41776c4c3b38993a9fe47f90f9252bf4d24b3f4bc63d1fe1fd2e,121540
05_Practical_Paper/03_Figures/FIGURE_FX2_SOURCE_DATA_THRESHOLD_SURFACE_v1.0.csv,72598f8422ff44e8a505d445729e2f7f8b27d84e2811f2abbd15603eb854a5ed,8002
05_Practical_Paper/03_Figures/FIGURE_FX2_SOURCE_DATA_v1.1.csv,a56f06676584f69f2d61a74bde35534af7771b80695019d3164cffc33972925a,9133
05_Practical_Paper/03_Figures/FIGURE_PROVENANCE_MAP_v1.34.md,c3b4f30495fc0a54da156df1a5f198af590feb3758fef666054fa9c23fef3c84,714
05_Practical_Paper/03_Figures/FIGURE_Z1_SOURCE_DATA_FULL_2023_PAIRWISE_v1.0.csv,ccee6faddfa5fccf96e0d8d70dfa4a0e7f689181908f4c23b46e61f66c881113,22364
05_Practical_Paper/03_Figures/FIGURE_Z2_SOURCE_DATA_FULL_2023_FIVE_RULE_SELECTOR_v1.0.csv,3afe4c2572a6756511debad01b1d631b6a84c00e05786b5e22fcf45ed0fd168e,447939
05_Practical_Paper/03_Figures/Figure_1_Return_Correlation_vs_Decision_Timing_PAPER_v1.34_EXACT.png,92c1957a433dffcc146669eb330c539a3f980e88956ad47dbabc1faaa0a1a395,136435
05_Practical_Paper/03_Figures/Figure_1_Return_Correlation_vs_Decision_Timing_PAPER_v1.34_EXACT.svg,6006567fc6b1922e8df09fb3bedf5fa7432bde51b8ee43a0ea9a803e82d054b0,47261
05_Practical_Paper/03_Figures/Figure_2_What_When_HowMuch_Decision_Fingerprints_PAPER_v1.34_EXACT.png,7ec0a2eec1ecb17afc6530a1509d41f2844076b7640cc8c56275df559db32a6b,137624
05_Practical_Paper/03_Figures/Figure_2_What_When_HowMuch_Decision_Fingerprints_PAPER_v1.34_EXACT.svg,3791663e618455f014f67529ba6c182f38c7e1f9f5ca75de6323ba9226cdb9fd,46622
05_Practical_Paper/03_Figures/Figure_3_Different_Decision_Clocks_PAPER_v1.34_EXACT.png,f5d99223207c8bd26c906116f1e003ee93647321aaa3e03364be4db3dad85617,123182
05_Practical_Paper/03_Figures/Figure_3_Different_Decision_Clocks_PAPER_v1.34_EXACT.svg,25452b2ef84b668e1ae7ae8ba0aed0fe91fcb9fdadc662e15e0ccba3ff70e0de,45022
05_Practical_Paper/03_Figures/Figure_4_Rolling_60M_Hindsight_Winner_PAPER_v1.34_EXACT.png,6e65003004084db81fba8b7737c3bb9fd284491fda5dfcbc9cd5ce241b201033,90156
05_Practical_Paper/03_Figures/Figure_4_Rolling_60M_Hindsight_Winner_PAPER_v1.34_EXACT.svg,8bb5e32c0f7d021246f09978761ccf4736a38629fdd9082cd7ef798db06530e2,49833
05_Practical_Paper/03_Figures/Figure_5_Broad_Plateau_Unstable_Optimum_PAPER_v1.34_EXACT.png,23272ba78fb8b61c94c7f1e96759ddfd36ad7ef72c051f464c42c36734a00fd4,141213
05_Practical_Paper/03_Figures/Figure_5_Broad_Plateau_Unstable_Optimum_PAPER_v1.34_EXACT.svg,760157f30c19f4c5a428c40bf813212fea86d617ebd3b78121ef3b13df25d2d6,70381
05_Practical_Paper/03_Figures/Figure_6_Cumulative_Wealth_PAPER_v1.34_EXACT.png,4061141857d4239e35281b29553d49568759564a8ad70c4b1f418d6c14f92b4c,227029
05_Practical_Paper/03_Figures/Figure_6_Cumulative_Wealth_PAPER_v1.34_EXACT.svg,0b24183a2e7f1b69ce0b405bf9ee210c8598308f9818595b7d61403c8d3e3b24,58663
05_Practical_Paper/03_Figures/Figure_7_Drawdown_Depth_and_Duration_PAPER_v1.34_EXACT.png,b80c7bb09765a091e935cfb7a5fc0f5508dc2189fe557b5bc96ae119d6f91153,119883
05_Practical_Paper/03_Figures/Figure_7_Drawdown_Depth_and_Duration_PAPER_v1.34_EXACT.svg,4c35808f6bc1ac128dff5e083749e1716e1b720812cbf959cd8f932ebaaa67c4,45274
05_Practical_Paper/03_Figures/Figure_8_Stress_Protection_and_Rapid_Reversal_PAPER_v1.34_EXACT.png,63809d506d964ffe156ad1eb6fb82cf24a18a2d2852cd9b8039093cfb464e4e2,185323
05_Practical_Paper/03_Figures/Figure_8_Stress_Protection_and_Rapid_Reversal_PAPER_v1.34_EXACT.svg,0dfc4a02643778ae3c433d15f9ce11250c3938e1f702a81418f86420a4b036b8,60060
05_Practical_Paper/03_Figures/Figure_FX1_Currency_Exposure_Growth_PAPER_v1.34_EXACT.png,f0480eccfcb814bfe3eacdbe9baf6ff42d6698d5d380e5ca092a403ed2b5f758,278100
05_Practical_Paper/03_Figures/Figure_FX1_Currency_Exposure_Growth_PAPER_v1.34_EXACT.svg,298d9fb295429c61920777d5a50898fbe484b4b8da699acbb015c25cf244ab8c,60866
05_Practical_Paper/03_Figures/Figure_FX2_Threshold_Sensitivity_PAPER_v1.34_EXACT.png,ffcbd5aa9108cc961ed1bb4ca70c3ba54b80f032686cec522570118988a35492,202293
05_Practical_Paper/03_Figures/Figure_FX2_Threshold_Sensitivity_PAPER_v1.34_EXACT.svg,1a8d023385a28d8b7f1c9ca5d9ea882217ec9997a75ea57b673cfa099b82e950,63311
05_Practical_Paper/03_Figures/Figure_Z1_Full_2023_Pairwise_Decision_Distance_PAPER_v1.34_EXACT.png,477cddf7fbba314b03c9ef03cd1a20c192c111fbf5a85298147500ea77381a88,595238
05_Practical_Paper/03_Figures/Figure_Z1_Full_2023_Pairwise_Decision_Distance_PAPER_v1.34_EXACT.svg,0acc932481a61f1b6a264625aa8d4be20782e9d474951469014eeefb0284ddcb,164333
05_Practical_Paper/03_Figures/Figure_Z2_Full_2023_Five_Rule_Score_Distribution_PAPER_v1.34_EXACT.png,77f28ba6684d695830d78f0e228be62d7ff0595010adcbaa97589e85e29505c7,110715
05_Practical_Paper/03_Figures/Figure_Z2_Full_2023_Five_Rule_Score_Distribution_PAPER_v1.34_EXACT.svg,4645b215f54c7341d4f027465cd9e2f7b9a4dbde8c6bf041222dae33f8201074,48494
05_Practical_Paper/04_Tables/TABLE_1B_PUBLICATION_SOURCE_v1.1.csv,ef70fb17e721beccf8412612d698cacaecf2057daec16d4a3556d5c12bfa4ed6,967
05_Practical_Paper/04_Tables/TABLE_1_PUBLICATION_SOURCE_v1.1.csv,b5eb1a5b25b281c350e4f0d00f231f8066f64d878793c3f825322b1025a0d594,1259
05_Practical_Paper/04_Tables/TABLE_1_SOURCE_DATA_v0.23.csv,77882984c1bcf2cb277b2f39c0db5b076284e96c82e0bd3c19e53cec4eda8d75,2052
05_Practical_Paper/04_Tables/TABLE_2_PANEL_A_SOURCE_DATA_v0.23.csv,c6790f07d407bcf94c0f4aea75478482e2a500ce3778fc68bcd15ba91e9bfd49,1310
05_Practical_Paper/04_Tables/TABLE_2_PANEL_A_SOURCE_DATA_v0.26.csv,ede5edff644eb05b115e7ec022d31c0becdba5659992bb30563f96cb0241baa2,1311
05_Practical_Paper/04_Tables/TABLE_2_PANEL_A_SOURCE_DATA_v1.0.1.csv,bcb7fd6d003af04409c120ce2b6f4b9847ff19d5eb56e43fb88d65fca24ae8a1,1315
05_Practical_Paper/04_Tables/TABLE_2_PANEL_B_SOURCE_DATA_v0.23.csv,6c1047d1d1add82ff6319590333511968b131023df12b5e6f295c32bde4d1d52,506
05_Practical_Paper/04_Tables/TABLE_2_PANEL_B_SOURCE_DATA_v0.26.csv,f9a32554e12ad45d3ca7459cd3313b51982ad4285f56a9191f878a8919fb4758,502
05_Practical_Paper/04_Tables/TABLE_3_DRAWDOWN_ANATOMY_SOURCE_DATA_v0.26.csv,f5b92481d68625116817a009ecadcb29db4ba9490e3cde87df1aed985dabe771,857
05_Practical_Paper/04_Tables/TABLE_3_DRAWDOWN_ANATOMY_SOURCE_DATA_v1.0.1.csv,100065c0eed1e0b37b07b9024860737b06717d800664392f80e0222503d18057,871
05_Practical_Paper/04_Tables/TABLE_4_PANEL_A_SOURCE_DATA_v0.28.csv,b7ab41f5132e1d72b9995ca6cbb77bf3508b768208b5cdede7d2f77ac4367090,2475
05_Practical_Paper/04_Tables/TABLE_4_PANEL_B_SOURCE_DATA_v0.28.csv,b66c8847584a5ff7e70560873bd2429dbc24eb3e1139396cf455c71dd743604a,461
05_Practical_Paper/04_Tables/TABLE_FX1_SOURCE_DATA_CORRECTED_v1.0.csv,941f9f8250573188fe700729fdb7c722c6b88759544acee410db7d272377649f,2146
05_Practical_Paper/04_Tables/Table_1B_Universe_and_Rule_Engineering_v0.28.md,7cc1ab719cff2ed5f48b5b19cf38b4758cf6bad26a8631bfc6740ae7c37a4d2c,1885
05_Practical_Paper/04_Tables/Table_1_From_Public_Rules_to_Investable_Sleeves_v0.23.md,be97cc067858fed54eb08ee6173087b105071da8be8a6bb6aa6e3ca32cb4842c,2538
05_Practical_Paper/04_Tables/Table_2_Core_Performance_Costs_and_Uncertainty_v0.23.md,d1648e83123c29351d99e31475fb1a077e7fcfddea36815bc384e72f4e54d447,1975
05_Practical_Paper/04_Tables/Table_2_Core_Performance_Costs_and_Uncertainty_v0.26.md,b282110b29ddec913978907ed7af8d7e914d5d7af59746df00f6d948c34c1be6,1683
05_Practical_Paper/04_Tables/Table_3_Drawdown_Anatomy_and_Recovery_Burden_v0.26.md,0c962c919dccfc00a4f3e89d07c85724df7142f21fde5414f1ea5dfcc0428ee1,563
05_Practical_Paper/04_Tables/Table_4_Sleeve_Engineering_and_Decision_Diversity_Tradeoff_v0.28.md,7c113e87524e2e1a136ea2d32b0a5054253886dc9f7d0ed02fac4056f167355b,1698
05_Practical_Paper/04_Tables/Table_FX1_Currency_Exposure_Variants_v0.27.md,ebfcf579e242a609f1f54a3992db8b07d70983abe9085affc6ed9d6130adcd2a,1314
05_Practical_Paper/04_Tables/Table_FX2_Sensitivity_and_Guardrails_v0.27.md,141e652e85843fb686c50655be3bdaa3f276dc5b266fc3d24847685f2bab0866,1001
05_Practical_Paper/EXHIBIT_DATA_POINTERS_v1.0.1.csv,2931744d3b628df45511b25be662f0f8eb7690f41c074f050ae81d5bc144fe10,2642
05_Practical_Paper/EXHIBIT_DATA_POINTERS_v1.0.csv,268a0478562ebe300e4445de24e10d36e93b3944a4507693ddcfcdb2aad28093,2326
05_Practical_Paper/EXHIBIT_DATA_POINTERS_v1.1.4.csv,27d24161088bfefd6b2bb0169ff3b09051885d8781b9c981533af33941576be9,3971
05_Practical_Paper/EXHIBIT_DATA_POINTERS_v1.1.6.csv,e3ca350ea59babc8e8e5a806a28ea488508b8c05bd79538f6ab8d5bfae2cc575,3952
05_Practical_Paper/EXHIBIT_DATA_POINTERS_v1.1.csv,637a5b69cb693872fd5f61f01964ecdfc68696827015df2402ea423dc4a7867b,3947
05_Practical_Paper/PUBLICATION_LABEL_MAP_v1.0.1.csv,7e07af4cd03191199f3de4b0bc161b2c3f155e3863c4dbd6047d79e2e5338f17,678
06_Public_Metadata/04_Primary_Strategy_Sources/IMPLEMENTATION_SOURCE_REGISTER_v0.7.csv,6ce0cde6b25fa3c2a9aa23cce73df74277bf01d825d629e87e7e1b5ebfdd0f3e,926
06_Public_Metadata/04_Primary_Strategy_Sources/PRIMARY_SOURCE_REGISTER_v0.6.csv,1ed76226c7b2fa3ceb0c3bc6e67cd59964faa90be878d890807d44e69d03ea3d,2140
06_Public_Metadata/04_Primary_Strategy_Sources/README.md,ad2b50d7a7cf2ef62bf2634ae32927b8a9e8bc9189d900d8562c341f46398af9,701
06_Public_Metadata/DATA_SOURCE_AND_LICENSE_REGISTER_v0.8.csv,7f0d7c8dd779554f7d7c6d6519ac1c8a40a25a64f2a65a707ac4fe035b7880b1,1153
06_Public_Metadata/ETF_ONLY_PRIMARY_EVIDENCE_CONTRACT_v0.10.md,f0e5cd5e9088e64c2b8946c0a4097cd69ec34344b4bace559e07aa9040507807,1919
06_Public_Metadata/FROZEN_INPUT_CONTRACT_v0.7.md,5874874f2383559932aec89bd13e09fee04b445c6494902175d4d5da668fb4d2,2109
06_Public_Metadata/INSTRUMENT_VINTAGE_AND_INVESTABILITY_TABLE_v0.8.csv,fb7c1fadfa6080f3fa436a817f61e1f654deaf61829e1b2bee211cc9ea3350f9,3226
06_Public_Metadata/PROXY_SEMANTIC_SOURCE_REGISTER_v0.10.csv,115690f8ad719bc6bbeff746d03f0b63fc9d179616f2fbbb307abe1ec407b64e,2847
06_Public_Metadata/PROXY_TRANSITION_PLAN_v0.10.csv,bbfde696849d0a234f054f0c79142f90c309088915213831a9dc114fcf72943d,3015
06_Public_Metadata/PUBLICATION_TARGET_v1.0.1.csv,8d69eee4743fcafe6f084a173036287d0507188428a7d43ffd4f9bdd5f9036fe,393
06_Public_Metadata/PUBLICATION_TARGET_v1.0.2.csv,c34e9ef45c68742199e4414fbe730c1d99a69cc782b688fd78c6bbc594b69db5,435
06_Public_Metadata/PUBLICATION_TARGET_v1.0.3.csv,337d0304d5bc3e884565c6b2f2ea621a4db791086e53a2c05bec8ed4dad29ada,495
06_Public_Metadata/PUBLICATION_TARGET_v1.1.4.csv,cbb0e7e6eff9ec4e0e67d5b055a9b580a9971e457b2f6eac407d828711a85e4a,708
06_Public_Metadata/PUBLIC_REFERENCE_REGISTER_v0.27.csv,2810493a4927b8701c180b68ec0bd46dae2ae7bba83a4c28ad4fff55620d0b68,8597
README.md,7dcefbe83c104629f4876201972a8782dbbfa7dfc4e006582228b4b015311ec5,4322
RELEASE_CONTROL_v1.1.4.md,9a911ea02fd2c70fdb74e6389c0019b29d2d5fbb416c7476fdb7a5289730e53a,871
RELEASE_NOTES_v1.1.4.md,cc02423589ad2ae5462428b2e75f0f1df505c9a5eccef9bde8cd446456cc0689,1358
RIGHTS_AND_PRIVACY_GUARDRAILS.md,d9f447256e71246f547b94a57271388cfa14bb207f584e78f8adb1fce80b00b1,972
RUN_ORDER_v1.0.1.md,5ebdf8a79ed16225ca3ac7b3db542fa4b5cde058e7a586a734d7feba044fc240,4775
RUN_ORDER_v1.0.md,5cd1b9e6f157b177096bd0f3a96dd914b0a2c98d5aa9c5d17b2e826004577932,4476
STATIC_VALIDATION_RECORD_v1.1.4.txt,c1e7c606c5ad5d640e1bb699b3d4e682fcddf146ec677358949c64c04cca4f82,670
