reference,title,publication_record,url,doi,verification_status,use_in_ADAA
Faber 2007,A Quantitative Approach to Tactical Asset Allocation,Journal of Wealth Management 9(4):69–79 / SSRN 962461,https://papers.ssrn.com/sol3/papers.cfm?abstract_id=962461,https://doi.org/10.3905/jwm.2007.674809,Verified from SSRN/public journal record,Momentum/TAA source and communication benchmark
Antonacci 2017,Risk Premia Harvesting Through Dual Momentum,Journal of Management & Entrepreneurship 2(1):27–55 / SSRN 2042750,https://papers.ssrn.com/sol3/papers.cfm?abstract_id=2042750,https://doi.org/10.2139/ssrn.2042750,Verified public record,Dual momentum / practitioner communication benchmark
Butler et al. 2012/2016,Adaptive Asset Allocation: A Primer,Written May 2012; SSRN 2328254 posted 2013; revised 2016,https://papers.ssrn.com/sol3/papers.cfm?abstract_id=2328254,https://doi.org/10.2139/ssrn.2328254,Verified SSRN metadata chronology,Adaptive-allocation framework comparator
Keller & van Putten 2012,Generalized Momentum and Flexible Asset Allocation (FAA): An Heuristic Approach,SSRN 2193735,https://papers.ssrn.com/sol3/papers.cfm?abstract_id=2193735,https://doi.org/10.2139/ssrn.2193735,Verified original public record,FAA parent source
Keller 2019,Growth-Trend Timing and 60-40 Variations: Lethargic Asset Allocation (LAA),SSRN 3498092,https://papers.ssrn.com/sol3/papers.cfm?abstract_id=3498092,https://doi.org/10.2139/ssrn.3498092,Verified original public record,LAA parent / persistence source
Keller 2022,Relative and Absolute Momentum in Times of Rising/Low Yields: Bold Asset Allocation (BAA),SSRN 4166845,https://papers.ssrn.com/sol3/papers.cfm?abstract_id=4166845,https://doi.org/10.2139/ssrn.4166845,Verified original public record,BAA parent source
Keller & Keuning 2023,Dual and Canary Momentum with Rising Yields/Inflation: Hybrid Asset Allocation (HAA),SSRN 4346906,https://papers.ssrn.com/sol3/papers.cfm?abstract_id=4346906,https://doi.org/10.2139/ssrn.4346906,Verified original public record,HAA parent source
Keller 2020/2021,Lazy Momentum with Growth-Trend Timing: Resilient Asset Allocation (RAA),SSRN 3752294; public posting 2021,https://papers.ssrn.com/sol3/papers.cfm?abstract_id=3752294,https://doi.org/10.2139/ssrn.3752294,Verified original public record,External quasi-static persistence comparator
Hanly 2018,Accelerating Dual Momentum Investing,"Engineered Portfolio, May 2 2018",https://engineeredportfolio.com/2018/05/02/accelerating-dual-momentum-investing/,,Direct practitioner source verified,ADM source lineage
Jegadeesh & Titman 1993,Returns to Buying Winners and Selling Losers: Implications for Stock Market Efficiency,Journal of Finance 48(1):65–91,,https://doi.org/10.1111/j.1540-6261.1993.tb04702.x,Verified journal metadata,Foundational momentum evidence
"Moskowitz, Ooi & Pedersen 2012",Time Series Momentum,Journal of Financial Economics 104(2):228–250,,https://doi.org/10.1016/j.jfineco.2011.11.003,Verified journal metadata,Time-series momentum evidence
"Asness, Moskowitz & Pedersen 2013",Value and Momentum Everywhere,Journal of Finance 68(3):929–985,,https://doi.org/10.1111/jofi.12021,Verified journal metadata,Cross-asset momentum evidence
Hong & Stein 1999,"A Unified Theory of Underreaction, Momentum Trading, and Overreaction in Asset Markets",Journal of Finance 54(6):2143–2184,,https://doi.org/10.1111/0022-1082.00184,Verified journal metadata,Behavioral/information-diffusion mechanism
Michaud 1989,The Markowitz Optimization Enigma: Is Optimized Optimal?,Financial Analysts Journal 45(1):31–42,,https://doi.org/10.2469/faj.v45.n1.31,Verified CFA Institute record,Optimization estimation-error context
"DeMiguel, Garlappi & Uppal 2009",Optimal Versus Naive Diversification: How Inefficient Is the 1/N Portfolio Strategy?,Review of Financial Studies 22(5):1915–1953,,https://doi.org/10.1093/rfs/hhm075,Verified Oxford Academic record,Weight uncertainty / estimation error
Batchelor & Dua 1995,Forecaster Diversity and the Benefits of Combining Forecasts,Management Science 41(1):68–75,,https://doi.org/10.1287/mnsc.41.1.68,Verified INFORMS record,Forecast/model diversity precedent
Aiolfi & Favero 2005,"Model Uncertainty, Thick Modelling and the Predictability of Stock Returns",Journal of Forecasting 24(4):233–254,,https://doi.org/10.1002/for.958,Verified journal metadata,Model uncertainty / thick modelling
"Pesaran, Schleicher & Zaffaroni 2009",Model Averaging in Risk Management with an Application to Futures Markets,Journal of Empirical Finance 16(2):280–305,,https://doi.org/10.1016/j.jempfin.2008.08.001,Verified journal metadata,Model-averaging precedent
Ludlow 2022,This Is Not Your Parents Diversification — Investment Strategy Diversification,"Engineered Portfolio, Feb 4 2022",https://engineeredportfolio.com/2022/02/04/this-is-not-your-parents-diversification-investment-strategy-diversification/,,Direct practitioner comparator verified,Priority-narrowing precedent for strategy diversification
Allocate Smartly,Public model portfolios and TAA strategy-selection materials,Practitioner platform,https://allocatesmartly.com/,,Context source; not academic authority,Multi-TAA combination/correlation precedent
Grossman & Zhou 1993,Optimal Investment Strategies for Controlling Drawdowns,Mathematical Finance 3(3):241–276,https://onlinelibrary.wiley.com/doi/10.1111/j.1467-9965.1993.tb00044.x,https://doi.org/10.1111/j.1467-9965.1993.tb00044.x,Verified Wiley journal record,Drawdown-control theory / survivable-compounding context
Goldberg & Mahmoud 2017,Drawdown: From Practice to Theory and Back Again,Mathematics and Financial Economics 11:275–297,https://arxiv.org/abs/1404.7493,https://doi.org/10.1007/s11579-016-0181-9,Verified public preprint / journal metadata,Formal drawdown risk / serial-correlation context
Yan & Riley 2022,Maximum Drawdown as Predictor of Mutual Fund Performance and Flows,Financial Analysts Journal 78(4):59–76,https://rpc.cfainstitute.org/research/financial-analysts-journal/2022/maximum-drawdown-as-predictor-of-mutual-fund-performance-flows,https://doi.org/10.1080/0015198X.2022.2100232,Verified CFA Institute record,Investor response to MDD / behavioral survivability context
"Vedernikov, Liesiö & Seppälä 2024",Portfolio models for optimizing drawdown duration,International Journal of Theoretical and Applied Finance 27(2):2450014,https://research.aalto.fi/en/publications/portfolio-models-for-optimizing-drawdown-duration/,https://doi.org/10.1142/S0219024924500146,Verified Aalto research portal / journal metadata,Drawdown duration as distinct optimization criterion
Keller & Keuning 2016,Protective Asset Allocation (PAA): A Simple Momentum-Based Alternative for Term Deposits,SSRN 2759734,https://papers.ssrn.com/sol3/papers.cfm?abstract_id=2759734,https://doi.org/10.2139/ssrn.2759734,Verified original SSRN record,Strategy-zoo PAA primary source
Keller & Keuning 2017,Breadth Momentum and Vigilant Asset Allocation (VAA): Winning More by Losing Less,SSRN 3002624,https://papers.ssrn.com/sol3/papers.cfm?abstract_id=3002624,https://doi.org/10.2139/ssrn.3002624,Verified original SSRN record,Strategy-zoo VAA primary source
Keller & Keuning 2018,Breadth Momentum and the Canary Universe: Defensive Asset Allocation (DAA),SSRN 3212862,https://papers.ssrn.com/sol3/papers.cfm?abstract_id=3212862,https://doi.org/10.2139/ssrn.3212862,Verified original SSRN record,Strategy-zoo DAA primary source
Keller & Butler 2014/2015,A Century of Generalized Momentum; From Flexible Asset Allocations (FAA) to Elastic Asset Allocation (EAA),SSRN 2543979,https://papers.ssrn.com/sol3/papers.cfm?abstract_id=2543979,https://doi.org/10.2139/ssrn.2543979,Verified original SSRN record,Strategy-zoo EAA primary source
Glenn 2018,Simple and Effective Market Timing with Tactical Asset Allocation Part 2 - Choices,SSRN 3129098,https://papers.ssrn.com/sol3/papers.cfm?abstract_id=3129098,https://doi.org/10.2139/ssrn.3129098,Verified original SSRN record,Strategy-zoo QSF source identification
Kipnis 2019,Right Now It’s KDA…Asset Allocation,"QuantStrat TradeR, Jan 24 2019",https://quantstrattrader.com/2019/01/24/right-now-its-kda-asset-allocation/,,Verified direct author-controlled article,Strategy-zoo KDA rule/source freeze; data input still pending
TrendXplorer 2016,Deciphering Correlation Hedged Momentum,"TrendXplorer, Jun 29 2016",https://indexswingtrader.blogspot.com/2016/06/deciphering-correlation-hedged-momentum.html,,Verified direct author-controlled GPM variant description,Strategy-zoo GPM lineage; DB2022 multiplied operational variant frozen separately
